country,director,genre,title,year
"Швеция, Норвегия, Дания",Свен Нюквист,драма,Бык,1991
СССР,Игорь Резников,"приключенческий фильм, триллер, боевик",Большое золото мистера Гринвуда,1991
СССР,Марк Айзенберг,комедия,"Болотная street, или Средство против секса",1991
СССР,Сергей Никоненко,комедия,Брюнетка за 30 копеек,1991
США,Джей Кристиан Ингвордсен,"военный фильм, боевик, приключенческий фильм",Братья по оружию,1991
США,"Марк Стивен Боско, Уэйн Алан Гарольд","хоррор, комедия, ужасы",Ботаник-убийца,1991
США,Лоуренс Кэздан,драма,Большой каньон,1991
СССР,"Григорий Кохан, Тимофей Левчук","детективный фильм, триллер",Бухта смерти,1991
СССР,Михаил Ведышев,"драма, экранизация",Бурса,1990
США,Карл Райнер,комедия,"Братья-сёстры, соперники-соперницы",1990
СССР,Галина Данелия-Юркова,"мелодрама, комедия",Божья тварь,1991
Гонконг,Вонг Цзин,комедия,Бог игроков III: Назад в Шанхай,1991
США,Джоэл Бэндер,"мелодрама, комедия",Богатая девчонка,1991
СССР,Всеволод Шиловский,мелодрама,Блуждающие звёзды,1991
США,Мэттью Роббинс,"приключенческий фильм, детский фильм",Бинго,1991
США,"Дункан Гиббинс, (, англ., Duncan Gibbins, )","боевик, фантастика, триллер",Канун разрушений,1991
США,Роберт Бентон,"гангстерский фильм, криминальный фильм, боевик, драма",Билли Батгейт,1991
СССР,Джаник Файзиев,драма,Камми,1991
США,Уиллард Кэролл,"фильм ужасов, приключенческий фильм, комедия",Камень викингов,1991
Индия,Анант Балани,мелодрама,Каменные цветы,1991
США,Брайан Гордон,романтическая комедия,Как сделать карьеру,1991
СССР,"Михаил Швейцер, София Милькина","драма, комедия, криминальный фильм","Как живёте, караси?",1991
Мексика,Николас Эчеваррия,"биографическая, драма, исторический фильм",Кабеса де Вака,1991
Украина,Сергей Омельчук,"история, приключения",Казаки идут,1991
США,Лили Фини Занук,"драма, криминалистика",Кайф,1991
США,Ричард Шепард,Комедия,История с ограблением,1991
"Великобритания, Япония, США",Фрэнк Роддам,"приключенческий фильм, драма",К2: Предельная высота,1991
Гонконг,Лам Найчхой,"боевик, комедия, криминальный фильм",История о Рикки,1991
Великобритания,Энтони Мингелла,"фэнтезийный фильм, драматический фильм, и, романтический фильм","Искренне, безумно, сильно",1991
США,Джон Черри,"комедия, семейный фильм, фэнтези",Испуганный глупец Эрнест,1991
США,Джон Макноутон,фильм ужасов,Инопланетянин в чужом теле,1991
США,Ричард Франклин,"боевик, комедия, криминальный фильм, триллер",Иллюзия убийства 2,1991
США,Том Маклафлин,фильм ужасов,Иногда они возвращаются,1991
США,Дэниэл Петри младший,"боевик, драма, триллер",Игрушечные солдатики,1991
СССР,Дмитрий Астрахан,"драма, комедия",Изыди!,1991
США,Роберт М. Янг,"Спортивная, драма",Игрок от Бога,1991
СССР,Юрий Борецкий,мелодрама,Призраки зелёной комнаты,1991
Канада,Ричард (Рышард) Бугайски,"драма, триллер",Просека,1991
Россия,Александр Сокуров,документальный фильм,Пример интонации,1991
СССР,Никита Орлов,боевик,Призрак,1991
СССР,Дмитрий Фролов,"приключения, комедия",Призраки белых ночей,1991
США,Джерри Рис,"мелодрама, комедия, музыкальный фильм",Привычка жениться,1991
СССР,Тофик Таги-Заде,"драма, трагикомедия",Привет с того света,1991
США,Мария Лиз,триллер,Прелестная Долли,1991
"Греция, Франция, Италия, Швейцария",Теодорос Ангелопулос,Драма,Прерванный шаг аиста,1991
США,Спиро Разатос,"приключенческий фильм, комедия",Поспешное бегство,1991
"Великобритания, США",Джеймс Дирден,"криминальный фильм, триллер",Поцелуй перед смертью,1991
СССР,Вадим Ильенко,"военный фильм, драма, экранизация",Последний бункер,1991
США,Тони Скотт,"комедия, боевик",Последний бойскаут,1991
"США, Мексика",Джозеф Мерхи,"боевик, драма",Последние искатели приключений,1991
США,Ян Элиасберг,триллер,После полуночи,1991
СССР,"Владислав Семернин, Борис Загряжский",мистическая драма,Полтергейст-90,1991
США,Марк Хэрриер,фильм ужасов,Попкорн,1991
"Канада, Великобритания",Ив Симоно,комедия,Полностью вменяемый,1991
США,Эдмунд Элиас Меридж,"Экспериментальное кино, Ужасы",Порождённый,1989
США,Джонатан Мостоу,триллер,Полёт чёрного ангела,1991
США,Джон Милиус,"боевик, мелодрама, военный фильм",Полёт «Интрудера»,1991
США,Джереми Каган,"Драма, Приключенческий фильм",Поднявший меч,1991
США,Крис Коламбус,"комедийная драма, романтическая комедия, и, криминальный фильм",Поймёт лишь одинокий,1991
СССР,Иван Василёв,"комедия, эротический фильм",Veniks. Половые щётки,1991
США,Gavin Bowden,"документальный, музыкальный",Funky Monks,1991
США,Билл Дьюк,гангстерский фильм,Ярость в Гарлеме,1991
СССР,Борис Шадурский,"фильм ужасов, драма, исторический фильм, мистика",Ятринская ведьма,1991
США,Тодд Хейнс,драма,Яд,1991
"Великобритания, Франция",Джеймс Лэпин,"фильм-биография, комедия, музыкальный фильм, мелодрама",Экспромт,1991
"Франция, Италия",Андре Тешине,Драма,Я не целуюсь,1991
Германия,Перси Адлон,"ЛГБТ-фильм, и, драматический фильм",Ягода-морошка,1991
Великобритания,Дерек Джармен,"драма, исторический фильм",Эдуард II,1991
СССР,Эдуард Гаврилов,детский фильм,Щен из созвездия Гончих Псов,1991
США,Кен Рассел,драма,Шлюха,1991
СССР,Владимир Мартынов,кинокомедия,Шкура,1991
США,Дебора Брок,комедия,Школа рок-н-ролла навечно,1991
"Китай, Гонконг",По-Чин Леонг,драма,Шанхай. Двадцатые годы,1991
СССР,Барас Халзанов,исторический фильм,Шестьдесят беглецов,1991
США,Норман Джуисон,"комедия, драма",Чужие деньги,1991
"Великобритания, Ирландия",Нил Джордан,драма,Чудо,1991
США,Майк Николс,драма,Что касается Генри,1991
США,Надя Тэсс,комедия,Чистое везение,1991
"СССР, ФРГ",Алла Сурикова,"трагикомедия, мелодрама",Чокнутые,1991
СССР,Виталий Мельников,трагикомедия,Чича,1991
"СССР, Индия","Геннадий Васильев, Шаши Капур",сказка,Чёрный принц Аджуба,1991
США,Роберт Маллиган,"драма, история взросления",Человек на Луне,1991
СССР,"Тамерлан Каргаев, Борис Кантемиров","спортивно, -, драматическо, -, мелодраматический, боевик",Человек в зелёном кимоно,1991
США,Кристофер Мюнх,драма,Часы и времена,1991
США,Майкл Прессман,"Супергеройский фильм, научно-фантастическая комедия, боевые искусства",Черепашки-ниндзя II: Тайна изумрудного зелья,1991
США,Шимон Дотан,драма,Час блаженства,1991
СССР,Александр Пороховщиков,"Драма, семейный",Цензуру к памяти не допускаю,1991
СССР,Дмитрий Месхиев,трагикомедия,Циники,1991
СССР,Геннадий Васильев,Исторический фильм,Царь Иван Грозный,1991
"СССР, Великобритания",Карен Шахназаров,"Историческая, драма, мистика",Цареубийца,1991
США,Бобби Рот,"боевик, криминальный фильм, триллер",Хранитель города,1991
США,Стив Майнер,мелодрама,Храбрых сердцем не сломить,1991
СССР,Наталья Серебрякова,фэнтези,Хранители (телеспектакль),1991
Италия,"Маурицио Никетти, Гуидо Манули","комедия, мелодрама, фэнтези",Хотеть летать,1991
США,Хейвуд Гулд,"боевик, криминальный фильм, драма, триллер",Хороший полицейский,1991
США,Дэвид Келлогг,"кинокомедия, музыкальный фильм, мелодрама","Холодный, как лёд",1991
СССР,Хусейн Эркенов,"драма, исторический фильм",Холод,1991
СССР,Виктор Трегубович,историческая драма,Хмель,1991
СССР,Александр Косарев,,Хищники,1991
США,Кристин Питерсон,"драма, триллер",Химия тела,1991
"Индия, Пакистан","Радж Капур, Рандхир Капур","мелодрама, драма, музыкальный фильм",Хенна,1991
USA,Саймон Уинсер,"Рок-музыка, Хард-рок, Кантри",Харли Дэвидсон и Ковбой Мальборо,1991
СССР,Усман Сапаров,"драма, криминал",Халима,1991
США,Гарри Маршалл,"драма, мелодрама, комедия",Фрэнки и Джонни,1991
Австралия,Джон Дайган,"комедийная драма, история взросления",Флирт,1991
"Франция, США",Кэрол Уайсман,комедия,Фиктивный брак,1991
"СССР, США",Владимир Алеников,триллер,"Феофания, рисующая смерть",1991
США,Джон Бэйли,"неонуарный, триллер",Фарфоровая луна,1994
"Великобритания, Ирландия",Питер Челсом,комедия,Услышьте мою песню,1991
СССР,Дмитрий Фролов,авангард,Уход,1991
СССР,Лев Кулиджанов,драма,Умирать не страшно,1991
"СССР, Швейцария, Италия",Андрей Эшпай,драма,Униженные и оскорблённые,1991
"СССР, Франция",Никита Михалков,притча,Урга — территория любви,1991
США,Джоэл Шумахер,мелодрама,Умереть молодым,1991
"США, Великобритания",Кеннет Брана,"детектив, триллер, драма",Умереть заново,1991
Италия,Рикки Тоньяцци,"драма, спортивный фильм",Ультра,1991
"Израиль, США",Стивен Корнвэлл,боевик,Улицы смерти,1991
США,,"научно-популярный, документальный",Удивительные камни,1991
СССР,Григорий Кохан,детектив,Убить «Шакала»,1991
США,Дик Лоури,драма,Убийства в полночь,1991
США,Джозеф Васкес,"комедия, драма",Тусуясь со своими,1991
СССР,Шарунас Бартас,"экзистенциальная, драма",Три дня,1991
США,Спайк Ли,драма,Тропическая лихорадка,1991
США,Брайан Левант,комедия,Трудный ребёнок 2,1991
СССР,Александр Рогожкин,"фантастика, антиутопия, драма",Третья планета,1991
Советский Союз,Виктор Иванович Тихомиров,мелодрама,Трава и вода,1991
"Бельгия, —, Германия, —, Франция",Жако Ван Дормаль,драма,Тото-герой,1991
Франция,Клод Зиди,комедийный боевик,Тотальная слежка,1991
США,Эррол Моррис,"мистическая, драма",Тёмный ветер,1991
СССР,Михаил Козаков,"фильм-сказка, притча, мюзикл","Тень, или Может быть, всё обойдётся",1991
США,Джош Беккер,комедия,Тёмные души: История любви,1991
США,Вуди Аллен,"комедия, драма",Тени и туман,1991
СССР,Вячеслав Богачёв,"мелодрама, экранизация",Тёмные аллеи,1991
США,Ридли Скотт,"приключенческий фильм, роуд-муви",Тельма и Луиза,1991
США,Джеймс Кэмерон,"научная фантастика, боевик, триллер, драма",Терминатор 2: Судный день,1991
США,Бад Корт,"комедия, драма, мелодрама",Тед и Венера,1991
США,Чарлз Коррелл,"драма, детективный фильм",Творческий тупик,1991
Великобритания,Чарльз Старридж,"драма, мелодрама","Там, где даже ангелы боятся появиться",1991
СССР,Рафаэль Гаспарянц,"приключения, история",Тайна рукописного Корана,1991
Чехословакия,Вит Ольмер,комедия,Танковый батальон,1991
США,Джонатан Уэкс,комедия,Таинственное свидание,1991
СССР,Ольга Вихоркова,"мелодрама, экранизация",Сюжет для двух рассказов,1991
СССР,Виктор Кобзев,детектив,Сыщик петербургской полиции,1991
США,Майк Роуб,вестерн,Сын утренней звезды,1991
"Италия, США",Теренс Хилл,"вестерн, комедия",Счастливчик Люк,1991
США,Пол Мазурски,комедия,Сцены в магазине,1991
Япония,Такэси Китано,драма,Сцены у моря,1991
СССР,Алексей Балабанов,Социальная драма,Счастливые дни,1991
США,Льюис Гилберт,"мюзикл, комедия",Сценический дебют,1991
Канада,Атом Эгоян,"комедия, драма",Страховой агент,1991
США,Джон Тёртелтауб,комедия,Сумасшедшая история,1991
"Франция, Индия",Сатьяджит Рай,драма,Странник,1991
США,Рада Бхарадвадж,драма,Страна в шкафу,1991
СССР,Эрик Лацис,"драма, экранизация",Сто вёрст по реке,1991
Франция,Бертран Блие,драма,"Спасибо, жизнь",1991
Гонконг,"Кори Юнь, Дэвид Лай, Джефф Лау","боевик, драма, фэнтези, мелодрама",Спаситель души,1991
Италия,Габриэле Сальваторес,"комедия, военный",Средиземное море,1991
Чехословакия,Зденек Трошка,комедия,"Солнце, сено, эротика",1991
США,Род Дэниэл,комедия,Смотритель,1991
США,Марк Дисалле,боевик,Совершенное оружие,1991
СССР,Андрей Бенкендорф,"драма, криминальный фильм",Снайпер,1991
Австралия,Джон Раейн,"комедия, криминальный фильм, триллер",Смерть в Брунсвике,1991
США,Льюис Тиг,"фантастика, триллер",Смертельный союз,1991
США,Алан Рудольф,"драма, триллер",Смертельные мысли,1991
США,Чарльз Лэйн,комедия,Смена личности,1991
США,Джеффри Оброу,"триллер, фильм ужасов",Слуги сумерек,1991
СССР,Владимир Нахабцев-младший,мелодрама,След дождя,1991
США,"Уильям Кук, Пол Тэлбот",фильм ужасов,Сказки у костра,1991
США,Брэдли Бэттерсби,триллер,Синяя пустыня,1991
США,Рик Бергер,триллер,Сиделка,1991
Индия,Махеш Бхатт,"драма, комедия",Сердцу не прикажешь,1991
США,"Факс Бар, Джордж Хикенлупер, Элинор Коппола",документальный фильм,Сердца тьмы,1991
СССР,"Георгий Делиев, Юрий Володарский, Евгений Корженков","комедия, буффонада, приключенческий фильм, криминал, мелодрама",Семь дней с русской красавицей,1991
СССР,Расим Оджагов,"детектив, драма",Семь дней после убийства,1991
"Италия, Германия",Микеле Соави,фильм ужасов,Секта,1991
СССР,Елена Николаева,"мелодрама, мистика",Сексказка,1991
США,Барри Зонненфельд,"фэнтези, чёрная комедия",Семейка Аддамс,1991
Гонконг,Майкл Мак,"эротическая, комедия",Секс и дзен,1991
"Япония, США",Гордон Хесслер,боевик,Сёгун Маэда,1991
США,Майкл Филдс,драма,Светлый ангел,1991
США,Гленн Джордан,мелодрама,"Сара, высокая и простая женщина",1991
США,Стефан Ла Рок,кинокомедия,Саманта,1991
СССР,Олег Ковалов,"артхаус, гротеск",Сады скорпиона,1991
США,Андре Р. Гуттфройнд,драма,Роковая женщина,1991
США,Алан Леви,фантастика,Рыцарь дорог 2000,1991
США,Джордж Качендер,драма,Рождество на соседней улице,1991
"Великобритания, США",Том Стоппард,трагикомедия,Розенкранц и Гильденстерн мертвы,1990
Гонконг,Джон Ву,"комедия, боевик, криминальный фильм",Рождённый вором,1991
Великобритания,Джон Ирвин,приключенческий фильм,Робин Гуд,1991
Великобритания,Кен Лоуч,"комедия, драма",Рифф-Рафф,1991
"США, Великобритания",Кевин Рейнольдс,приключенческий фильм,Робин Гуд: Принц воров,1991
Германия,Вольфганг Бюльд,комедийный фильм,Рискованные гонки,1991
США,Рассел Малкэхи,"боевик, криминальный фильм, триллер",Рикошет,1991
"Испания, Италия, ФРГ",Висенте Эскрива,Историческая драма,Реквием по Гранаде,1991
США,Джон Синглтон,"криминал, драма",Ребята по соседству,1991
США,Эрик Ред,"ужасы, триллер",Расчленённое тело,1991
СССР,Владимир Мотыль,драма,"Расстанемся, пока хорошие",1991
США,Мэри Агнес Донох,мелодрама,Рай,1991
США,Джо Джонстон,"боевик, приключенческий фильм, фантастика, семейный фильм, дизельпанк, супергеройский",Ракетчик,1991
США,Джонатан Сэнгер,комедия,Раз в жизни,1991
США,Марк Лестер,"боевик, чёрная комедия, криминальный фильм",Разборка в Маленьком Токио,1991
США,Стивен Джилленхал,драма,Пэрис Траут,1991
СССР,Исаак Магитон,"семейный фильм, детективный фильм, комедия",Пять похищенных монахов,1991
СССР,Евгений Татарский,"мистический, триллер, мелодрама",Пьющие кровь,1991
СССР,Ираклий Квирикадзе,комедия,Путешествие товарища Сталина в Африку,1991
Великобритания,Павел Павликовский,документальный фильм,Путешествие Достоевского,1991
"Франция, Германия, Греция, Великобритания",Фолькер Шлёндорф,"экранизация романа, и, драматический фильм",Путешественник,1991
СССР,Леонид Осыка,"драма, экранизация",Подарок на именины,1991
США,Блейк Эдвардс,комедия,Подмена,1991
Испания,Пилар Миро,триллер,Повелитель теней,1991
США,Барбра Стрейзанд,"драма, мелодрама",Повелитель приливов,1991
США,Дэвид ДеКото,фильм ужасов,Повелитель кукол 3: Месть Тулона,1991
США,Сильвио Табет,фантастика,Повелитель зверей 2: Сквозь врата времени,1991
США,Энди Сидарис,боевик,Победить или умереть,1991
СССР,Александр Майоров,романтический фильм,Побег на край света,1991
СССР,Александр Соловьёв,"криминальная комедия, фантастика, драма",По Таганке ходят танки,1991
"СССР, Индия","Латиф Файзиев, Умеш Мехра","приключения, мелодрама",По закону джунглей,1991
Россия,Тыну Вырве,"драма, исторический фильм, биография",Пляска смерти,1991
США,Джиллиан Армстронг,мелодрама,Пламя в душе,1991
Великобритания,Пол Берри,"фентези, ужас, короткометражный фильм",Песочный человек (мультфильм),1991
Канада,Энн Хендерсон (Anne Henderson),документальный,Песня для Тибета,1991
Гонконг,Юэнь Бяо,"боевик, фэнтези",Парень из Тибета,1991
США,Хэл Хартли,драма,Пережить желание,1991
США,Билл Биксби,"криминальный фильм, драма",Пара тузов в запасе: Покерная тройка,1991
СССР,Евгений Юфит,"Иронический, Фильм ужасов","Папа, умер Дед Мороз",1991
Великобритания,Питер Ричардсон,комедия,Папа должен похудеть,1991
СССР,Владимир Любомудров,комедийный фильм,Отель «Эдем»,1991
США,Чарльз Шайер,"комедия, семейный фильм",Отец невесты,1991
"Франция, Швейцария",Жак Риветт,драма,Очаровательная проказница,1991
"Италия, Франция, Швейцария",Марко Беллоккьо,"драма, Эротика",Осуждение,1991
США,Джон Лэндис,комедия,Оскар,1991
"Италия, СССР",Джорджо Феррара,"комедия, экранизация",Осада Венеции,1991
Франция,Жан-Мари Пуаре,комедийный фильм,Операция «Тушёнка»,1991
США,"Кен Квапис, Мариса Силвер","мелодрама, эксцентрическая комедия","Он сказал, она сказала",1991
США,Дэйв Флиттон,научно-популярный фильм,Оккультная история Третьего рейха,1991
СССР,"Энвер Аблуч, Гасан Аблуч",драма,Окно,1991
США,"Джорджи Монтези, Доминик Отенин-Жерар",фильм ужасов,Омен 4: Пробуждение,1991
СССР,Эдуард Дмитриев,"детективный фильм, триллер",Окно напротив,1991
СССР,Лидия Боброва,драма,"Ой, вы, гуси",1991
Гонконг,Цуй Харк,"боевик, драма, приключенческий фильм, исторический фильм",Однажды в Китае,1991
США,Дэн Эйкройд,комедия,Одни неприятности,1991
"СССР, Франция",Андрей Праченко,приключения,Одиссея капитана Блада,1991
"Франция, Германия, Великобритания",Дэнни Хьюстон,"драма, фильм-биография",Обретая себя,1991
Азербайджан,"Азизбейли, Рамиз Гаджиага оглу",комедийный фильм,Обручальное кольцо,1991
США,Пи Джей Кастелланета,"драматический фильм, и, ЛГБТ-фильм",Одинокие вместе,1991
США,Рон Ховард,"фильм-катастрофа, драма, триллер",Обратная тяга,1991
СССР,Александр Полынников,"комедия, приключенческий фильм, эротический фильм",Обнажённая в шляпе,1991
Индия,Саван Кумар,драма,Обманутый возлюбленный,1991
США,Дэмиен Харрис,триллер,Обман,1991
СССР,Николай Рашеев,"мистика, драма, ужасы",Оберег,1991
"Канада, Великобритания, Япония",Дэвид Кроненберг,"фильм-биография, драма, фильм ужасов",Обед нагишом,1991
США,Тони Куксон,комедия,"Ньюмен, человек будущего",1991
США,Марио Ван Пиблз,"боевик, триллер, драма, криминальный фильм",Нью-Джек-Сити,1991
СССР,Виталий Шувагин,притча,Ночь при дороге,1991
"СССР, Швеция, ФРГ",Валерьян Пидпалый,"психологическая, драма",Ночь самоубийцы,1991
"Франция, США",Рафал Зелински,"боевик, спортивный фильм","Ночь бойца, или Кикбоксинг в США",1991
США,Джеймс Риффел,"пародия, ужасы",Ночь живых мертвецов,1991
США,Джим Джармуш,трагикомедия,Ночь на Земле,1991
США,Фрэнк де Фелитта,триллер,Ножницы,1991
СССР,"Владимир Краснопольский, Валерий Усков",,Ночные забавы,1991
США,Родни Макдональд,"драма, триллер",Ночная слежка 2,1991
"Бразилия, США",Вальтер Саллес,"драма, триллер",Нож,1991
СССР,Никита Тягунов,"драма, военный фильм, мистика",Нога,1991
США,Дежё Магияр,"драма, триллер",Никаких секретов,1991
"США, Канада",Кристин Питерсон,"психологический, триллер",Нижний этаж,1991
США,Питер Хьюит,"научная фантастика, комедия, приключения",Новые приключения Билла и Теда,1991
США,Пол Ледер,"боевик, драма, триллер",Неудавшаяся подставка,1991
США,Мартин Дэвидсон,мелодрама,Несдержанные обещания,1991
США,Родмен Флендер,фильм ужасов,Неродившийся ребёнок,1991
США,Роджер Найгард,комедия,Нервы на пределе,1991
США,Дэвид Мэмет,"криминальный фильм, драма, триллер",Непредвиденное убийство,1991
"США, Канада",Монте Маркхэм,фантастика,Неоновый город,1991
США,Стэн Драготи,комедия,Необходимая жестокость,1991
,Валерий Рубинчик,драма,Нелюбовь,1991
Германия,Йорг Буттгерайт,фильм ужасов,Некромантик 2,1991
"США, Великобритания",Леонард Б. Стерн,"комедия, триллер",Недостающие части,1991
США,Крейг Р. Баксли,"боевик, криминальный фильм, драма",Невозмутимый,1991
СССР,Сергей Снежкин,драма,Невозвращенец,1991
США,Роберт Хьюстон,боевик,Невиновная молодая женщина,1991
СССР,"Роман Качанов, Иван Бирюков",мелодрама,Не спрашивай меня ни о чём,1991
СССР,Эльдар Рязанов,"драма с элементами комедии, аллегория",Небеса обетованные,1991
США,Стивен Херек,комедия,"Не говори маме, что няня умерла",1991
Чехословакия,Ян Сверак,"комедия, драма",Начальная школа,1991
СССР,Анатолий Бобровский,комедия,Не будите спящую собаку,1991
"США, Колумбия",Пол Красни,драма,Нарковойны: Кокаиновый картель,1991
США,Джон Бэдэм,"боевик, комедия",Напролом,1991
Великобритания,"Ричард Лестер, Aubrey Powell",музыкальный,Назад,1991
Гонконг,"Charles Heung, Jimmy Heung",комедия,"Наверное, боги сошли с ума 3",1991
США,Джон Паттерсон,биографическая драма,Мэрилин и я,1991
"США, Япония",Кэтрин Бигелоу,боевик,На гребне волны,1991
США,Майкл Хоффман,комедия,Мыльная пена,1991
США,Мартин Скорсезе,триллер,Мыс страха,1991
Италия,Мауро Болоньини,драма,Мужья и любовники,1991
Япония,Ёдзи Ямада,комедия,Мужчине живётся трудно. Фильм 44: Признание Торадзиро,1991
США,Ховард Зифф,"мелодрама, комедия",Моя дочь,1991
США,Бэрри Шилс,"комедия, драма",Моторама,1991
СССР,Наум Ардашников,"криминальная, драма, эротика",Московские красавицы,1991
США,Ник Брумфилд,комедия,Монстр в коробке,1991
СССР,Валерий Курыкин,драма,Московская любовь,1991
"США, Япония",Рик Кинг,"боевик, драма",Молитва роллеров,1991
США,Джонатан Демми,психологический фильм ужасов,Молчание ягнят,1991
Индия,Лоуренс Д'Соуза,мелодрама,Мой любимый,1991
Франция,Жерар Лозье,комедия,Мой папа — герой,1991
СССР,Виктор Садовский,драма,"Мой лучший друг — генерал Василий, сын Иосифа",1991
США,Стюарт Розенберг,вестерн,Мои герои всегда были ковбоями,1991
США,Гас Ван Сент,"приключенческая, драма",Мой личный штат Айдахо,1991
СССР,Дмитрий Долинин,историческая драма,Миф о Леониде,1991
США,Роберт Айскоув,"боевик, драма, исторический, военный",Миссия акулы,1991
"США, Великобритания",Мира Наир,"мелодрама, драма, комедия",Миссисипская масала,1991
США,Карл Колперт,"криминальный фильм, драма, триллер",Мираж,1991
СССР,Олег Фомин,"молодёжная, мелодрама",Милый Эп,1991
Франция,Вера Бельмон,фильм-биография,Милена,1991
СССР,Валерий Приёмыхов,драма,Мигранты,1991
Франция,Пьер Ришар,комедия,Мечтать не вредно,1991
Венгрия,Иштван Сабо,драма,"Милая Эмма, дорогая Бёбе",1991
СССР,Вячеслав Сорокин,боевик,Меченые,1991
США,Томас Константинидес,"фэнтези, драма",Между мирами,1991
СССР,Николай Гейко,драма,Мементо мори,1991
США,Стюарт Рэффилл,романтическая комедия,Манекен в движении,1991
США,Уильям Лустиг,слэшер,Маньяк-полицейский 2,1990
Франция,Анри Вернёй,драма,Майрик,1991
США,Джеймс Гликенхаус,боевик,Макбэйн,1991
США,Джоди Фостер,драма,Маленький человек Тейт,1991
Франция,Клод Шаброль,"экранизация, драма, мелодрама",Мадам Бовари,1991
СССР,Геннадий Земель,драма,Людоед,1991
,Андрей Малюков,"Приключения, триллер",Любовь на острове смерти,1991
СССР,Владимир Брагин,"ужасы, чёрная комедия",Люми,1991
США,Уэс Крэйвен,"фильм ужасов, комедия",Люди под лестницей,1991
СССР,Валерий Тодоровский,мелодрама,Любовь,1991
Испания,Висенте Аранда,"мелодрама, драма",Любовники,1991
Индия,Суреш Кришна,мелодрама,Любовная история,1991
Франция,Леос Каракс,"драма, мелодрама",Любовники с Нового моста,1991
СССР,Павел Печенкин,"криминал, триллер, боевик",Любимчик,1991
СССР,Аркадий Тигай,авантюрный триллер,Лох — победитель воды,1991
Индия,Дипак Бахри,мелодрама,Любимая,1991
США,Мик Джексон,"мелодрама, комедия, фэнтези",Лос-анджелесская история,1991
Великобритания,Ханиф Курейши,"драма, комедия","Лондон, который меня убивает",1991
СССР,Анатолий Буковский,детектив,Личное оружие,1991
США,Ричард Ким,"боевик, приключения",Линия смерти,1991
США,Ларри Элайканн,боевик,Лихорадка,1991
СССР,Всеволод Шиловский,"криминальная, драма, экранизация",Линия смерти,1991
СССР,Давид Урушадзе,комедия,Ласточки и воробьи,1991
СССР,Виктор Кузнецов,комедия,Летучий голландец,1991
США,Томас Эдвард Кейт,"фильм ужасов, кинофантастика",Лагерь страха,1991
СССР,"Александр Басаты, Мурат Джусоева","боевик, приключения",Курьер на Восток,1991
Испания,Хуанма Бахо Ульоа,драма,Крылья бабочки,1991
США,Джон Хьюз,"комедия, драма, семейный фильм",Кудряшка Сью,1991
США,Альберт Пьюн,"боевик, и, научно-фантастический фильм",Кукольный человек,1991
"США, Израиль",Мэнни Кото,шпионский детектив,Крыша,1991
СССР,Оксана Байрак,комедия,"Круиз, или Разводное путешествие",1991
СССР,Юрий Беленький,детективная драма,Круг обречённых,1991
СССР,Юрий Колчеев,"детективный фильм, боевик",Кровь за кровь,1991
США,Джеффри Рейнер,криминальная комедия,Кровь и бетон,1991
СССР,Валерий Васильевич Смирнов,драма,Крепкий мужик,1991
"Германия, Франция, Канада, Италия, Аргентина",Вернер Херцог,Психологическая драма,Крик камня,1991
США,Джеффри Хорнадэй,"музыкальный фильм, подростковый фильм, история взросления, и, драматический фильм",Крик,1991
СССР,Борис Бланк,историческая драма,Кремлёвские тайны шестнадцатого века,1991
"Великобритания, Япония, США",Эррол Моррис,"документальный фильм, биографический фильм",Краткая история времени,1991
СССР,Александр Фенько,"драма, экранизация",Красный остров,1991
Италия,Джин Сэкс,"мелодрама, комедия",Красивая любовь,1991
США,Джон Паскуин,"драма, триллер",Кошмар,1991
США,Терри Гиллиам,"трагикомедия, магический реализм",Король-рыбак,1991
"Норвегия, Швеция, Германия",Ула Солум,"семейный фильм, приключенческий фильм, фэнтези",Король — полярный медведь,1991
США,Дэвид Уорд,"комедия, мелодрама",Король Ральф,1991
США,Рэйчел Талалэй,слэшер,Кошмар на улице Вязов 6: Фредди мёртв,1991
СССР,Станислав Клименко,"Комедия, Фантастика","Кому вверх, кому вниз",1991
США,Берт Кеннеди,комедия,Коммандо из пригорода,1991
США,Роберт Миллер,"комедия, драма, мелодрама",Комната с завтраком,1991
США,Стюарт Гордон,"исторический фильм, ужасы",Колодец и маятник,1991
США,Майкл Эптед,драма,Коллективный иск,1991
"США, Канада",Келли Макин,Боевик,Коготь тигра,1991
США,Рэйчел Фельдман,"ужасы, боевик, драма, комедия, детектив",Колдовство 3: Поцелуй смерти,1991
Великобритания,Майк Ньюэлл,драма,Колдовской апрель,1991
США,Бобкэт Голдтуэйт,трагикомедия,Клоун Шейкс,1991
"Германия, Франция, Австралия, США",Вим Вендерс,"драма, фантастика",Когда наступит конец света,1991
"Нидерланды, Франция, Великобритания, Италия, Япония",Питер Гринуэй,"драма, фэнтези",Книги Просперо,1991
Гонконг,Юнь Вопхин,"боевик, криминальный фильм, драма",Клетка тигра 3,1991
СССР,Андрей Дончик,Драма,Кислородный голод,1991
СССР,Сергей Ливнев,Драма,Кикс,1991
США,Альберт Пьюн,боевик,Кикбоксер 2: Дорога назад,1991
США,Стивен Содерберг,драма,Кафка,1991
СССР,Иван Соловов,боевик,Караван смерти,1991
СССР,Владимир Онищенко,"музыкальная, сказка, детский фильм, комедия, приключенческий фильм",Капитан Крокус и тайна маленьких заговорщиков,1991
США,Эктор Бабенко,драма,Игра в полях господних,1991
СССР,"Юрий Сорокин, Юрий Швырёв",драма,Иван Фёдоров,1991
США,Стивен Спилберг,"приключения, сказка, драма",Капитан Крюк,1991
СССР,Александр Павловский,"комедия, сатира",И чёрт с нами,1991
США,Артур Хиллер,трагикомедия,"И в горе, и в радости",1991
США,Руперт Харви,"американский, фантастический, комедийный, фильм ужасов",Зубастики 4,1991
США,Кристин Питерсон,"фантастика, ужасы, комедия",Зубастики 3,1991
США,Род Холкомб,драма,Золотая цепь,1991
Япония,Кэйта Амэмия,фантастика,Зерам,1991
США,Николас Мейер,научная фантастика,Звёздный путь 6: Неоткрытая страна,1991
США,Сидни Фьюри,боевик,Захват Беверли-Хиллз,1991
США,Альберт Брукс,комедия,Защищая твою жизнь,1991
"СССР, Великобритания",Александр Митта,драма,Затерянный в Сибири,1991
СССР,Владимир Плотников,боевик,Заряженные смертью,1991
СССР,Михаил Якжен,драма,Записки юного врача,1991
Италия,"Паскуале Фанетти, Роберто Франческони",эротика,Запах страсти,1991
США,Сэм Пилсбери,"эротический, триллер, драма",Зандали,1991
Франция,Жерар Жюньо,комедийная драма,Замечательная эпоха,1991
Великобритания,Стивен Поляков,"драма, мелодрама",Закрой мои глаза,1991
"Китай, Гонконг, Китайская Республика",Чжан Имоу,драма,Зажги красный фонарь,1991
"Великобритания, США",Найджел Финч,драма,Забытый язык журавлей,1991
СССР,Николай Стамбула,"боевик, детективная драма",За последней чертой,1991
СССР,Георгий Кузнецов,Историческая драма,Житие Александра Невского,1991
США,Мел Брукс,комедия,Жизнь — дерьмо,1991
США,Тед Пост,"боевик, драма",Живой щит,1991
США,Терри Хьюз,комедия,Жена мясника,1991
СССР,Анатолий Матешко,мелодрама,Женщина для всех,1991
СССР,Александр Чечулин,"драма, детективный фильм",Жена для метрдотеля,1991
США,Джон Эвнет,комедийная драма,Жареные зелёные помидоры,1991
Франция,"Аньес Варда, Жак Деми",Драма,Жако из Нанта,1991
США,Лассе Халльстрём,"мелодрама, комедия",Ещё кружок,1991
СССР,Андрей Харитонов,"мистика, ужасы, триллер, детектив, эротика",Жажда страсти,1991
США,Уильям Дир,"Хард-рок, глэм-метал",Если бы взгляды могли убивать,1991
США,Нэнси Савока,"драма, мелодрама",Дурацкое пари,1991
"Дания, Швеция, Франция, Германия, Швейцария",Ларс фон Триер,драма,Европа,1991
СССР,Алексей Коренев,"детективный фильм, комедия",Дура,1991
Гонконг,Джеки Чан,"приключенческий фильм, экшн, трагикомедия",Доспехи Бога 2: Операция Кондор,1991
США,Оливер Стоун,"биография, музыкальный фильм, драма",Дорз,1991
США,"Даг МакГенри, Джордж Джексон","комедия, музыка",Домашняя вечеринка 2,1991
СССР,Сергей Соловьёв,"комедия, драма, мюзикл, фантастика, фантасмагория",Дом под звёздным небом,1991
США,Майкл Кейтон-Джонс,комедия,Доктор Голливуд,1991
Австралия,Джослин Мурхаус,драма,Доказательство,1991
США,Рэнда Хейнс,драматический фильм,Доктор,1991
США,Рой Лондон,"драма, неонуар",Дневник наёмного убийцы,1991
США,Марк Райделл,драма,Для наших ребят,1991
Франция,Александр Аркади,драма,Для Саши,1991
Латвия,Янис Стрейч,"комедийный фильм, драматический фильм, и, фэнтезийный фильм",Дитя человеческое,1991
"США, Швейцария",Бернт Капра,драма,Диспут,1991
США,Марина Сэрженти,фильм ужасов,"Дитя тьмы, дитя света",1991
США,Руперт Уэйнрайт,гангстерский фильм,Диллинджер,1991
СССР,Николай Гусаров,драма,Дикое поле,1991
США,Залман Кинг,"мелодрама, эротика",Дикая орхидея 2: Два оттенка грусти,1991
Италия,Роберто Бениньи,"комедия, криминальный фильм, мелодрама",Джонни-Зубочистка,1991
"США, Франция, Швейцария",Том Дичилло,"комедия, музыкальный, мелодрама",Джонни Замша,1991
СССР,Юрий Кузьменко,"приключенческий фильм, комедия, боевик",Джокер,1991
"США, Франция",Оливер Стоун,"исторический, детектив",Джон Ф. Кеннеди. Выстрелы в Далласе,1991
"Германия, Австрия",Вернер Херцог,документальный фильм,Джаг-Мандир,1991
США,Джек Бендер,слэшер,Детские игры 3,1991
"Исландия, Германия, Норвегия",Фридрик Тоур Фридрикссон,"драма, мелодрама",Дети природы,1991
США,Тони Рэндел,фильм ужасов,Дети ночи,1991
"СССР, Латвия",Алоиз Бренч,детективный фильм,Депрессия,1991
США,Николас Мейер,"шпионский фильм, комедия",Дело фирмы,1991
США,Питер Манугян,фильм ужасов,Демонические игрушки,1991
СССР,Леонид Пчёлкин,"историческая, драма, биографический фильм",Дело Сухово-Кобылина,1991
Франция,"Жан-Пьер Жёне, Марк Каро","Антиутопия, Кинокомедия",Деликатесы,1991
СССР,Роман Ершов,"комедия, фантастика","Действуй, Маня!",1991
США,Шелдон Леттич,инструментальная музыка,Двойной удар,1993
"Франция, Польша, Норвегия",Кшиштоф Кеслёвский,"драма, мелодрама, притча",Двойная жизнь Вероники,1991
"США, Великобритания",Дон Бойд,драма,Двадцать один год,1991
"США, Канада",Башар Шбиб,"мелодрама, комедия",Два любовника Джулии,1991
США,Питер Файман,комедия,Датч,1991
США,Майкл Леманн,комедия,Гудзонский ястреб,1991
"Великобритания, Ирландия",Алан Паркер,музыкальный фильм,Группа «Коммитментс»,1991
США,Пол Джастмэн,документальный фильм,Группа «Дип пёрпл»: Пионеры «тяжёлого металла»,1991
СССР,Олег Бийма,"драма, экранизация",Грех,1991
СССР,Дмитрий Шинкаренко,мелодрама,Графиня,1991
США,Джим Абрахамс,комедия,Горячие головы!,1991
США,Сэнди Танг,драма,Гонки по кругу,1991
США,Рон Андервуд,комедия,Городские пижоны,1991
Индия,Кумар Шахани,драматический фильм,Городок,1991
США,Дэвид Цукер,"кинопародия, чёрная комедия, сатира",Голый пистолет 2½: Запах страха,1991
"Франция, Германия",Анджей Жулавский,"драма, мелодрама, музыкальный фильм",Голубая нота,1991
Украина,Олесь Янчук,историческая драма,Голод-33,1991
Япония,Кадзуки Омори,"фантастика, приключения, драма, кайдзю",Годзилла против Кинга Гидоры,1991
"СССР, Германия",Борис Конунов,"комедия, экранизация",Год хорошего ребёнка,1991
СССР,Георгий Овчаренко,комедия,Говорящая обезьяна,1991
США,Джон Франкенхаймер,драма,Год оружия,1991
США,Джон Карл Бюхлер,"комедия, фильм ужасов",Гоблины 3: Гоблины отправляются в колледж,1991
США,Майкл Карбельникофф,драма,Гангстеры,1991
СССР,Виктор Сергеев,"детективный фильм, криминал, драма, комедия",Гений,1991
СССР,Ардак Амиркулов,исторический фильм,Гибель Отрара,1991
СССР,Шахмар Алекперов,драма,Газельхан,1991
"США, Япония","Стив Ванг, Скриминг Мэд Джордж","фантастика, боевик",Гайвер,1991
СССР,Михаил Мельниченко,"драма, криминальный фильм",Высший класс,1991
"Германия, СССР",Валентина Руденко,документальный,"Гагарин, я вас любила",1991
Испания,Педро Альмодовар,мелодрама,Высокие каблуки,1991
"Великобритания, США, Венгрия, Япония",Иштван Сабо,"драма, комедия",Встреча с Венерой,1991
СССР,Валентин Мишаткин,комедия,Встретимся на Таити,1991
США,Мэтти Рич,драма,Выбраться из Бруклина,1991
США,Роберт Либерман,"мелодрама, комедия","Всё, что я хочу на Рождество",1991
Франция,Ален Корно,драма,Все утра мира,1991
США,Билл Кондон,триллер,Всё об убийстве,1991
"СССР, Азербайджанская ССР","Гюльбениз Азимзаде, Хафиз Фатуллаев",драма,Всгорю в огне очищения,1991
"США, Великобритания",Ате де Йонг,комедия,Вредный Фред,1991
США,Уильям Сэкс,боевик,Война в небоскрёбе,1991
СССР,Михаил Туманишвили,Боевик,Волкодав,1991
СССР,Юрий Сааков,комедия,Воспоминание о «Коровьем марше»,1991
США,Гари Виник,драма,Возникший из дождя,1991
Великобритания,Хоуп Перелло,"комедия, драма, фильм ужасов",Вой 6: Уродцы,1991
США,Джеймс Контнер,"криминальный фильм, драма",Возвращение Элиота Несса,1991
СССР,Абай Карпыков,драма,Воздушный поцелуй,1991
"Франция, Италия, Швейцария",Жак Дере,триллер,Возвращение Нечаева,1991
СССР,Виталий Макаров,"комедия, мелодрама, музыкальный фильм",Влюблённый манекен,1991
"США, Испания, Португалия",Уильям А. Грэм,драма,Возвращение в Голубую лагуну,1991
США,Джон Флинн,боевик,Во имя справедливости,1991
"США, Франция",Ирвин Уинклер,"драма, триллер",Виновен по подозрению,1991
США,Дэвид Прайор,боевик,Взвод вампиров,1991
США,Питер Хант,драма,Взгляд свидетеля,1991
СССР,Эдуард Гаврилов,"детектив, драма",Вербовщик,1991
СССР,Светлана Дружинина,"историко, -, приключенческий фильм, фильм плаща и шпаги, мелодрама","Виват, гардемарины!",1991
США,Вольфганг Петерсен,"детектив, триллер",Вдребезги,1991
Франция,Морис Пиала,"биографическая, драма",Ван Гог,1991
США,Джеф Кэнью,"детектив, комедия",В. И. Варшавски,1991
СССР,"Александр Просянов, Александр Бойко",криминальная мелодрама,В русском стиле,1991
США,Джон Ирмэн,драма,В Каролине не любят ворошить прошлое,1991
США,Алек Кешишян,документальный фильм,В постели с Мадонной,1991
США,Джозеф Рубен,триллер,В постели с врагом,1991
США,Герберт Росс,драма,В истинном свете,1991
США,Том Манкевич,"комедия, фэнтези",В бреду,1991
Австралия,Фрэнк Хоусон,драма,Беспощадная охота,1991
США,Марта Кулидж,драма,Беспутная Роза,1991
США,Майкл Спенс,"приключенческий фильм, драма, триллер",Берег чести,1991
Румыния,Джо Сайзеску,комедийный фильм,Беспорядок,1991
СССР,Марлен Хуциев,"драма, притча, арт-хаус",Бесконечность,1991
США,Рэндал Клайзер,"приключенческий фильм, драма",Белый Клык,1991
"Норвегия, Дания, Швеция",Храбн Гюднлёйгссон,"драма, исторический фильм",Белый викинг,1991
СССР,Леонид Нечаев,мелодрама,Безумная Лори,1991
"Канада, Швейцария",Леа Пул,драма,Безжалостная женщина,1991
США,Джон Макферсон,триллер,Бездомные твари,1991
"СССР, Россия",Николай Кошелёв,"криминал, детектив, триллер, мистика",Без правосудия,1991
США,Ричард Линклейтер,"комедия, драма",Бездельник,1991
США,Шон Пенн,драма,Бегущий индеец,1991
США,Джофф Барроус,"триллер, драма, боевик",Беги,1991
США,Брайан Гилберт,драма,Без дочери — никогда,1991
США,Братья Коэн,"сюрреалистическая, чёрная комедия",Бартон Финк,1991
"СССР, Польша",Андрей Малюков,"детектив, драма, мелодрама, триллер",Бабочки,1991
США,Барри Левинсон,"байопик, гангстерский фильм",Багси,1991
"СССР, Италия",Владимир Бортко,драма,Афганский излом,1991
СССР,Владимир Мазур,драма,Афганец,1991
США,Эрик Лузил,"научная фантастика, комедия, хоррор",Атомная школа 2,1991
"Франция, Италия",Люк Бессон,"документальный фильм, музыкальный фильм",Атлантис,1991
СССР,Дмитрий Светозаров,детективный фильм,Арифметика убийства,1991
СССР,Вадим Абдрашитов,драма,Армавир,1991
США,Роберт Хармон,драма,Ангельские глазки,1991
США,Седрик Сандстром,боевик,Американский ниндзя 4: Разрушение,1991
США,Джон Хесс,ужасы,Аллигатор 2: Мутация,1991
"СССР, Франция",Рустам Хамдамов,Драма,Анна Карамазофф,1991
СССР,Себастьян Аларкон,комедия положений,Агенты КГБ тоже влюбляются,1991
США,Аарон Норрис,боевик,Агент,1991
СССР,Андрей Черных,драма,Австрийское поле,1991
Япония,Акира Куросава,драма,Августовская рапсодия,1991
США,Джордж Галло,"комедия, драма",29-я улица,1991
США,Дэмьен Ли,боевик,"Абраксас, хранитель Вселенной",1991
СССР,Зульфикар Мусаков,"фантастический фильм, комедия","Абдулладжан, или Посвящается Стивену Спилбергу",1991
США,Фрэнк Оз,комедия,А как же Боб?,1991
